scenario,library,timing_operations_per_sample,allocation_operations_per_sample,mean_ns_per_op,median_ns_per_op,min_ns_per_op,max_ns_per_op,standard_deviation_ns_per_op,bytes_per_op,worker_bytes_per_op,allocations_available
Pending success lifecycle; tracker on,OnityTask,2048,128,14460.980224609377,14424.7314453125,12285.64453125,16307.6171875,1277.9122013252393,1488.5625,-1,true
Pending success lifecycle; tracker on,UniTask,2048,128,1489.35546875,1496.38671875,1425.5859375,1526.85546875,31.833999668424028,160,-1,true
Pending success lifecycle; tracker off,OnityTask,2048,128,12271.83837890625,12249.560546875,10867.138671875,14360.791015625,1090.1027849467791,624.5625,-1,true
Pending success lifecycle; tracker off,UniTask,2048,128,1532.14111328125,1512.59765625,1483.056640625,1684.9609375,60.151809677130252,160,-1,true
Pending fault lifecycle; tracker on,OnityTask,256,128,30808.935546875,31452.34375,25277.734375,36347.265625,3263.7959822064008,2152.5625,-1,true
Pending fault lifecycle; tracker on,UniTask,256,128,15929.39453125,15930.2734375,15746.09375,16119.53125,107.57974018111648,1666,-1,true
Pending fault lifecycle; tracker off,OnityTask,256,128,27689.990234375,27513.4765625,21566.40625,33487.109375,3676.2270581885991,1288.5625,-1,true
Pending fault lifecycle; tracker off,UniTask,256,128,16412.451171875,15945.5078125,15470.3125,17953.515625,984.89518121018284,1666,-1,true
Pending cancel lifecycle; tracker on,OnityTask,256,128,18598.33984375,18410.15625,17189.0625,21234.765625,1224.1253864105029,1904.5625,-1,true
Pending cancel lifecycle; tracker on,UniTask,256,128,7592.822265625,7580.2734375,7496.484375,7709.765625,69.587992970889402,600,-1,true
Pending cancel lifecycle; tracker off,OnityTask,256,128,18369.53125,17232.03125,14979.296875,23059.765625,2809.1374213017439,1040.5625,-1,true
Pending cancel lifecycle; tracker off,UniTask,256,128,7910.009765625,7736.1328125,7551.953125,8889.0625,412.01776869428602,600,-1,true
