scenario,container,iterations,mean_ms,min_ms,max_ms,stddev_ms,ns_per_op,alloc_bytes_per_sample_mean,alloc_bytes_per_op_mean,allocation_counter
Resolve (Singleton),Onity (Reflection),10000,2.2163374999999998,1.7766000000000002,2.5141,0.25176769869691951,221.63374999999999,,,Unavailable
Resolve (Singleton),Onity (Baked),10000,1.0606000000000002,0.6613,1.8383,0.36270682769578916,106.06000000000002,,,Unavailable
Resolve (Singleton),VContainer,10000,2.1046125,1.7486000000000002,2.5851999999999999,0.27954106489796032,210.46125000000001,,,Unavailable
Resolve (Singleton),Zenject,10000,27.734737500000001,23.721299999999999,31.119500000000002,2.4824950760633091,2773.4737500000001,,,Unavailable
Resolve (Transient),Onity (Reflection),10000,7.6099125000000001,7.1065000000000005,8.4700000000000006,0.51775167361942376,760.99125000000004,,,Unavailable
Resolve (Transient),Onity (Baked),10000,6.8883250000000009,5.593,10.165600000000001,1.5129582986888401,688.8325000000001,,,Unavailable
Resolve (Transient),VContainer,10000,18.715325000000004,14.531700000000001,27.657700000000002,4.7450289689767517,1871.5325000000005,,,Unavailable
Resolve (Transient),Zenject,10000,117.84630000000001,101.43570000000001,159.125,24.724274756371955,11784.630000000001,,,Unavailable
Resolve (Combined),Onity (Reflection),10000,8.6763625000000015,7.7544000000000004,14.2995,2.273070316263571,867.63625000000013,,,Unavailable
Resolve (Combined),Onity (Baked),10000,5.4719750000000005,5.2919,5.9085999999999999,0.19701645870332749,547.1975000000001,,,Unavailable
Resolve (Combined),VContainer,10000,18.858575000000002,16.3443,26.9038,3.3685151895372027,1885.8575000000003,,,Unavailable
Resolve (Combined),Zenject,10000,139.001025,130.89359999999999,152.9785,7.9877307299114326,13900.102500000001,,,Unavailable
Resolve (Complex),Onity (Reflection),10000,124.6444625,118.11070000000001,137.41929999999999,6.2634965458457312,12464.446250000001,,,Unavailable
Resolve (Complex),Onity (Baked),10000,124.652175,115.4701,139.7723,9.9508954146635187,12465.217500000001,,,Unavailable
Resolve (Complex),VContainer,10000,376.32690000000002,364.59750000000003,395.43130000000002,9.714627469219506,37632.690000000002,,,Unavailable
Resolve (Complex),Zenject,10000,2724.1765500000006,2564.5866000000001,3098.2301000000002,191.82512677538222,272417.65500000003,,,Unavailable
Prepare & Register (Complex),Onity (Reflection),10000,384.51080000000007,364.85320000000002,393.0009,9.1088445960113766,38451.080000000009,,,Unavailable
Prepare & Register (Complex),Onity (Baked),10000,532.83530000000007,469.67590000000001,643.39499999999998,61.927324872535628,53283.530000000006,,,Unavailable
Prepare & Register (Complex),VContainer,10000,1531.328575,1399.4902,1826.4169000000002,139.41123598829836,153132.85750000001,,,Unavailable
Prepare & Register (Complex),Zenject,10000,1839.9596125,1751.6301000000001,1936.7127,70.062299266875655,183995.96124999999,,,Unavailable
Resolve (Keyed Singleton),Onity (Reflection),10000,1.3847375,1.3528,1.4698,0.037050349429622688,138.47375,,,Unavailable
Resolve (Keyed Singleton),Onity (Baked),10000,1.3954875,1.3757000000000001,1.4396,0.021169279460036928,139.54875000000001,,,Unavailable
Resolve (Keyed Singleton),VContainer,10000,2.5201875,2.3186,3.5124,0.40991994492827499,252.01875000000001,,,Unavailable
Resolve (Keyed Singleton),Zenject,10000,29.510750000000005,27.954700000000003,31.084400000000002,1.1304630846313761,2951.0750000000003,,,Unavailable
Resolve (Scoped Singleton),Onity (Reflection),10000,4.3492750000000004,4.0606999999999998,4.8014000000000001,0.31993787231720028,434.92750000000001,,,Unavailable
Resolve (Scoped Singleton),Onity (Baked),10000,1.6631874999999998,1.5758000000000001,1.992,0.13545638662894938,166.31874999999997,,,Unavailable
Resolve (Scoped Singleton),VContainer,10000,2.9969125000000001,2.6476999999999999,3.8772000000000002,0.44306444367608655,299.69125000000003,,,Unavailable
Resolve (Scoped Singleton),Zenject,10000,28.191587500000001,27.491300000000003,28.8201,0.49561533885377501,2819.1587500000001,,,Unavailable
